<<<<<<< HEAD
<?xml version="1.0" encoding="UTF-8"?>
<project xmlns="http://www.netbeans.org/ns/project/1">
    <type>com.microchip.mplab.nbide.embedded.makeproject</type>
    <configuration>
        <data xmlns="http://www.netbeans.org/ns/make-project/1">
            <name>ReviveAdvance</name>
            <creation-uuid>93530b4d-6446-41d8-aeb9-13e973359bca</creation-uuid>
            <make-project-type>0</make-project-type>
            <c-extensions>c</c-extensions>
            <cpp-extensions/>
            <header-extensions>h</header-extensions>
            <asminc-extensions/>
            <sourceEncoding>Shift_JIS</sourceEncoding>
            <make-dep-projects/>
        </data>
    </configuration>
</project>
=======
<?xml version="1.0" encoding="UTF-8"?>
<project xmlns="http://www.netbeans.org/ns/project/1">
    <type>com.microchip.mplab.nbide.embedded.makeproject</type>
    <configuration>
        <data xmlns="http://www.netbeans.org/ns/make-project/1">
            <name>ReviveAdvance</name>
            <creation-uuid>93530b4d-6446-41d8-aeb9-13e973359bca</creation-uuid>
            <make-project-type>0</make-project-type>
            <c-extensions>c</c-extensions>
            <cpp-extensions/>
            <header-extensions>h</header-extensions>
            <asminc-extensions/>
            <sourceEncoding>Shift_JIS</sourceEncoding>
            <make-dep-projects/>
        </data>
    </configuration>
</project>
>>>>>>> Upload-ready
